,x,y,depth,uo,vo,wo
0,4331787.087405169,-474407.8424903363,0.494025,0.02858730368600028,-0.017621800103192167,-0.10519925528634017
1,4331787.087405169,-474407.8424903363,1.541375,0.01728777188644205,-0.019250887008478143,-0.030259326686045973
2,4331787.087405169,-474407.8424903363,2.645669,0.013415803238061137,-0.02344718364422479,0.00943588152063439
3,4331787.087405169,-474407.8424903363,3.819495,0.013506805228021057,-0.028324077734780177,0.029254561239734488
4,4331787.087405169,-474407.8424903363,5.078224,0.015616477130008306,-0.032899812000117636,0.038195869651892936
5,4331787.087405169,-474407.8424903363,6.440614,0.01869713571042496,-0.03674462873516893,0.041418908947657554
6,4331787.087405169,-474407.8424903363,7.92956,0.022219186637509075,-0.039753713826197204,0.04178799390030256
7,4331787.087405169,-474407.8424903363,9.572997,0.025942092487080542,-0.042001524694840066,0.04081559964940917
8,4331787.087405169,-474407.8424903363,11.405,0.02977621128206637,-0.043648133516114164,0.03923729743550835
9,4331787.087405169,-474407.8424903363,13.46714,0.03370001041171032,-0.044878955469366814,0.03736134356805013
10,4331787.087405169,-474407.8424903363,15.81007,0.037711255970350355,-0.0458669225973112,0.035279171912093676
11,4331787.087405169,-474407.8424903363,18.49556,0.04179978673080355,-0.04675137667134078,0.03298850377684045
12,4331787.087405169,-474407.8424903363,21.59882,0.045933620217788955,-0.047630099705999934,0.030461356258041868
13,4331787.087405169,-474407.8424903363,25.21141,0.05005374098519931,-0.04856111515561471,0.02767820219795731
14,4331787.087405169,-474407.8424903363,29.44473,0.05407434278564483,-0.04956958560411016,0.024643831667556116
15,4331787.087405169,-474407.8424903363,34.43415,0.057887449211173524,-0.05065497681980015,0.021395402875849852
16,4331787.087405169,-474407.8424903363,40.34405,0.061372592574475596,-0.05179571523289978,0.018007402076606296
17,4331787.087405169,-474407.8424903363,47.37369,0.06441215328416561,-0.05295191086352893,0.014593027929398789
18,4331787.087405169,-474407.8424903363,55.76429,0.06691166119440314,-0.05406931140747566,0.011297906551619932
19,4331787.087405169,-474407.8424903363,65.80727,0.06882094468765966,-0.055087403938654335,0.008282547476585233
20,4331787.087405169,-474407.8424903363,77.85385,0.07014930505575093,-0.055951933028263685,0.005693740022134136
21,4331787.087405169,-474407.8424903363,92.32607,0.07096729525547368,-0.05662838743900271,0.00363166329375142
22,4331787.087405169,-474407.8424903363,109.7293,0.07139138359941058,-0.057110760733377654,0.0021251126334106574
23,4331787.087405169,-474407.8424903363,130.666,0.07155520232774368,-0.05742121293956662,0.0011270870720530694
24,4331787.087405169,-474407.8424903363,155.8507,0.07157834518820379,-0.05760085398788105,0.0005344213089822923
25,4331787.087405169,-474407.8424903363,186.1256,0.0715453399077072,-0.05769635290723526,0.00022256855550991297
26,4331787.087405169,-474407.8424903363,222.4752,0.07150146741534155,-0.05774833644710333,7.903218719947593e-05
27,4331787.087405169,-474407.8424903363,266.0403,0.07146248447096443,-0.05778550362514365,2.2270493892137408e-05
28,4331787.087405169,-474407.8424903363,318.1274,0.07142912396708812,-0.057824987936766895,3.667686980842811e-06
29,4331787.087405169,-474407.8424903363,380.213,0.07139827323239412,-0.05787659076938603,-8.526635487436899e-07
30,4331787.087405169,-474407.8424903363,453.9377,0.07136839833988846,-0.057947571711096796,-1.2045297033245872e-06
31,4331787.087405169,-474407.8424903363,541.0889,0.07134141156507891,-0.058046039599262,-7.411120400893559e-07
32,4331787.087405169,-474407.8424903363,643.5668,0.0713240907167611,-0.05818280673841158,-3.4084535297629686e-07
33,4331787.087405169,-474407.8424903363,763.3331,0.0713310460445625,-0.05837210474643041,-1.233062874186382e-07
34,4331787.087405169,-474407.8424903363,902.3393,0.07139046672479021,-0.05863077000931765,-3.270150817027823e-08
35,4332472.586781167,-468106.2447951276,0.494025,0.24902101099415985,0.007047199520271871,0.3276849122612563
36,4332472.586781167,-468106.2447951276,1.541375,0.19219722245978277,0.017569278244867974,0.23673197168819182
37,4332472.586781167,-468106.2447951276,2.645669,0.15631997101852813,0.02195945094959531,0.17793404016441708
38,4332472.586781167,-468106.2447951276,3.819495,0.13373639698497547,0.02203496031906942,0.13929770633750896
39,4332472.586781167,-468106.2447951276,5.078224,0.11942253077160454,0.019248712215011295,0.11318830115303562
40,4332472.586781167,-468106.2447951276,6.440614,0.11011894482819615,0.014685767341197552,0.09475937558617269
41,4332472.586781167,-468106.2447951276,7.92956,0.1037472914963236,0.009112476139355688,0.08095745398569333
42,4332472.586781167,-468106.2447951276,9.572997,0.09901703372419207,0.003041820026486456,0.06988953938056597
43,4332472.586781167,-468106.2447951276,11.405,0.09515964647984074,-0.0032012555405148985,0.060418755493541865
44,4332472.586781167,-468106.2447951276,13.46714,0.09174789403775879,-0.009420931016405764,0.05190305936807045
45,4332472.586781167,-468106.2447951276,15.81007,0.08857229422774676,-0.015500247930781919,0.04402345199776446
46,4332472.586781167,-468106.2447951276,18.49556,0.08555667326730591,-0.02136164254744423,0.03666726625343935
47,4332472.586781167,-468106.2447951276,21.59882,0.08270195547848339,-0.026939397372077886,0.029846783237011856
48,4332472.586781167,-468106.2447951276,25.21141,0.08005003672547131,-0.03216575478119051,0.023639925696879283
49,4332472.586781167,-468106.2447951276,29.44473,0.07766118009622688,-0.03696947389184012,0.018145816810445983
50,4332472.586781167,-468106.2447951276,34.43415,0.07559863776158979,-0.04128336190461627,0.013450440298069605
51,4332472.586781167,-468106.2447951276,40.34405,0.07391559951775745,-0.04505575684260841,0.00960028414934184
52,4332472.586781167,-468106.2447951276,47.37369,0.07264268180885496,-0.0482604056923293,0.0065856904153423655
53,4332472.586781167,-468106.2447951276,55.76429,0.07177726521162353,-0.05090085266248866,0.00433750440453198
54,4332472.586781167,-468106.2447951276,65.80727,0.07127837179571633,-0.05300746703243462,0.002739613961284837
55,4332472.586781167,-468106.2447951276,77.85385,0.07107067604056307,-0.054628939308743824,0.0016538308172457125
56,4332472.586781167,-468106.2447951276,92.32607,0.0710586376270836,-0.0558232303412247,0.000946923557598299
57,4332472.586781167,-468106.2447951276,109.7293,0.07114712638828805,-0.05665310512608483,0.0005082389842147478
58,4332472.586781167,-468106.2447951276,130.666,0.07126085069291792,-0.05718678654576494,0.0002532369181880459
59,4332472.586781167,-468106.2447951276,155.8507,0.0713547498223765,-0.05749843540182782,0.00011810294737714244
60,4332472.586781167,-468106.2447951276,186.1256,0.07141238304984403,-0.05766275430482166,5.431828843663542e-05
61,4332472.586781167,-468106.2447951276,222.4752,0.07143598489115373,-0.057744711260662336,2.7134906983116237e-05
62,4332472.586781167,-468106.2447951276,266.0403,0.07143515711825729,-0.0577914725692346,1.5399316286574723e-05
63,4332472.586781167,-468106.2447951276,318.1274,0.07141935838071797,-0.05783179415164141,9.173376711118763e-06
64,4332472.586781167,-468106.2447951276,380.213,0.07139530086031116,-0.05788152890868318,5.175327117169815e-06
65,4332472.586781167,-468106.2447951276,453.9377,0.07136766501495566,-0.05795048752913395,2.631950819605539e-06
66,4332472.586781167,-468106.2447951276,541.0889,0.071341291572188,-0.05804753092830791,1.193621265831195e-06
67,4332472.586781167,-468106.2447951276,643.5668,0.07132409167160088,-0.0581834813530669,4.814259055339202e-07
68,4332472.586781167,-468106.2447951276,763.3331,0.07133105225865473,-0.05837237590506448,1.7041615145624744e-07
69,4332472.586781167,-468106.2447951276,902.3393,0.07139046547226656,-0.05863086669428008,5.107461657271575e-08
70,4333148.796028124,-461804.81061430223,0.494025,-0.2205406683225562,-0.2041468559452786,0.38618582528087597
71,4333148.796028124,-461804.81061430223,1.541375,-0.10587826838166577,-0.12495847760977012,0.2767686065809101
72,4333148.796028124,-461804.81061430223,2.645669,-0.0352461066616228,-0.07556268690542395,0.20212244709686783
73,4333148.796028124,-461804.81061430223,3.819495,0.007265575452284619,-0.046368875348842806,0.15158929523538983
74,4333148.796028124,-461804.81061430223,5.078224,0.032131854531766646,-0.03062368435064764,0.1175193951284754
75,4333148.796028124,-461804.81061430223,6.440614,0.04619058277741404,-0.023620144599785783,0.0944585145188076
76,4333148.796028124,-461804.81061430223,7.92956,0.05384949682589332,-0.02211678116519572,0.07855547937102436
77,4333148.796028124,-461804.81061430223,9.572997,0.05789649916599474,-0.02391539969222923,0.06713337027334496
78,4333148.796028124,-461804.81061430223,11.405,0.06004542828706781,-0.027554792414856994,0.05837899683644436
79,4333148.796028124,-461804.81061430223,13.46714,0.061306136766221236,-0.032087161807969576,0.051115561116220606
80,4333148.796028124,-461804.81061430223,15.81007,0.06223739798045713,-0.036912639591398906,0.044632146188563177
81,4333148.796028124,-461804.81061430223,18.49556,0.06311981708728973,-0.04165621695553902,0.03855096047322379
82,4333148.796028124,-461804.81061430223,21.59882,0.06407122215287685,-0.04607792498166804,0.03272233013433522
83,4333148.796028124,-461804.81061430223,25.21141,0.0651191041867871,-0.05001306899670981,0.027141911722994724
84,4333148.796028124,-461804.81061430223,29.44473,0.06624159026659385,-0.05334010379241707,0.021888131384292818
85,4333148.796028124,-461804.81061430223,34.43415,0.0673883944392057,-0.05597216397031944,0.01707643355776988
86,4333148.796028124,-461804.81061430223,40.34405,0.06849284279301134,-0.05786501251647538,0.012824800483700924
87,4333148.796028124,-461804.81061430223,47.37369,0.06948326590177767,-0.05903125295186405,0.009226106863759015
88,4333148.796028124,-461804.81061430223,55.76429,0.07029731069848068,-0.05955022972335394,0.006326488903158869
89,4333148.796028124,-461804.81061430223,65.80727,0.0708972650988186,-0.05956437665985276,0.004113806562795726
90,4333148.796028124,-461804.81061430223,77.85385,0.0712806770980974,-0.05925732834938769,0.002520666328205838
91,4333148.796028124,-461804.81061430223,92.32607,0.07148020812352049,-0.05881674133118558,0.001441753582731176
92,4333148.796028124,-461804.81061430223,109.7293,0.07155103548090577,-0.05839374055244356,0.0007580373039740347
93,4333148.796028124,-461804.81061430223,130.666,0.07155119520784844,-0.05807571882672094,0.00035729178692447716
94,4333148.796028124,-461804.81061430223,155.8507,0.07152474498629124,-0.05788432524022845,0.0001449232385574011
95,4333148.796028124,-461804.81061430223,186.1256,0.07149524012063184,-0.05779675165668484,4.696353959143386e-05
96,4333148.796028124,-461804.81061430223,222.4752,0.07146956954061988,-0.057775482880706365,1.0054149986238241e-05
97,4333148.796028124,-461804.81061430223,266.0403,0.07144625323741369,-0.057790147820987126,1.856905124740895e-07
98,4333148.796028124,-461804.81061430223,318.1274,0.07142219586642226,-0.057824990899336064,-6.921225284822511e-07
99,4333148.796028124,-461804.81061430223,380.213,0.07139579677353584,-0.05787630873679317,3.0598627346940425e-08
100,4333148.796028124,-461804.81061430223,453.9377,0.07136771176639266,-0.05794749213716937,3.9734346280343044e-07
101,4333148.796028124,-461804.81061430223,541.0889,0.07134130702039085,-0.058046036886274244,3.73546685524531e-07
102,4333148.796028124,-461804.81061430223,643.5668,0.07132411223693078,-0.05818280641921447,2.3176894254417927e-07
103,4333148.796028124,-461804.81061430223,763.3331,0.07133106701560615,-0.05837209703129401,1.1560251577171564e-07
104,4333148.796028124,-461804.81061430223,902.3393,0.07139047299334828,-0.05863076115563564,5.047578668635196e-08
105,4333815.840058059,-455502.3996515776,0.494025,0.2797443153585572,0.08538065233080742,-0.010141989758030337
106,4333815.840058059,-455502.3996515776,1.541375,0.22731302002208148,-0.16298506135415153,-0.1531369896612712
107,4333815.840058059,-455502.3996515776,2.645669,0.1711944534744978,-0.17504193327648915,-0.11430960530798659
108,4333815.840058059,-455502.3996515776,3.819495,0.13687729355667178,-0.17444017287710825,-0.09133952430836936
109,4333815.840058059,-455502.3996515776,5.078224,0.1160714232766069,-0.16727676638164346,-0.07706117261264077
110,4333815.840058059,-455502.3996515776,6.440614,0.10346694469823609,-0.1570875680755926,-0.06731564838175691
111,4333815.840058059,-455502.3996515776,7.92956,0.09570938658586992,-0.14583010747400638,-0.059762566378305085
112,4333815.840058059,-455502.3996515776,9.572997,0.09072386939886404,-0.1345157527081824,-0.05314694431221868
113,4333815.840058059,-455502.3996515776,11.405,0.08726778404599878,-0.12361650238220775,-0.04684893433827028
114,4333815.840058059,-455502.3996515776,13.46714,0.08463279949036212,-0.11332585445143584,-0.04061012303948268
115,4333815.840058059,-455502.3996515776,15.81007,0.08244490391189695,-0.10372270971749478,-0.03437152605443431
116,4333815.840058059,-455502.3996515776,18.49556,0.08052979743961307,-0.09486597806467874,-0.02818252848895759
117,4333815.840058059,-455502.3996515776,21.59882,0.07882372420587531,-0.08683811747658733,-0.022154900106854072
118,4333815.840058059,-455502.3996515776,25.21141,0.07731638270383381,-0.07974929752578451,-0.016441390806678488
119,4333815.840058059,-455502.3996515776,29.44473,0.0760163783898995,-0.07371509890730976,-0.011222899020243551
120,4333815.840058059,-455502.3996515776,34.43415,0.07493146740930468,-0.06882076956727912,-0.006691610455676633
121,4333815.840058059,-455502.3996515776,40.34405,0.0740580159148023,-0.06508487589874504,-0.003022976435424223
122,4333815.840058059,-455502.3996515776,47.37369,0.07337697973834996,-0.062435093691009455,-0.00033737136306011706
123,4333815.840058059,-455502.3996515776,55.76429,0.07285569941346388,-0.060706823690958825,0.001339826659704041
124,4333815.840058059,-455502.3996515776,65.80727,0.07245502546458209,-0.05967057702935634,0.002103520247473984
125,4333815.840058059,-455502.3996515776,77.85385,0.07213938139873005,-0.05908268982692499,0.002162218584822995
126,4333815.840058059,-455502.3996515776,92.32607,0.07188518852867966,-0.05874033941650777,0.001791749751162345
127,4333815.840058059,-455502.3996515776,109.7293,0.0716829642430446,-0.05851571430636998,0.0012623215819394455
128,4333815.840058059,-455502.3996515776,130.666,0.07153182681101213,-0.05835455683263452,0.0007711867607753313
129,4333815.840058059,-455502.3996515776,155.8507,0.071430430390218,-0.058246830155300924,0.0004130523666961059
130,4333815.840058059,-455502.3996515776,186.1256,0.07137111697136199,-0.05819368242071979,0.00019628835791864993
131,4333815.840058059,-455502.3996515776,222.4752,0.07134111235149737,-0.058190527514851806,8.442063436915132e-05
132,4333815.840058059,-455502.3996515776,266.0403,0.07132832919209689,-0.05822762806314817,3.395807188283943e-05
133,4333815.840058059,-455502.3996515776,318.1274,0.07132621689960894,-0.0582969677706377,1.3345315231245148e-05
134,4333815.840058059,-455502.3996515776,380.213,0.07133494531663595,-0.05839620991711886,5.32384734462644e-06
135,4333815.840058059,-455502.3996515776,453.9377,0.0713607008786491,-0.05852851106258042,2.1821141083939777e-06
136,4333815.840058059,-455502.3996515776,541.0889,0.07141600399628767,-0.05870071302425122,9.004277312520503e-07
137,4333815.840058059,-455502.3996515776,643.5668,0.07152241219599681,-0.05892124702160543,3.572763416633544e-07
138,4333815.840058059,-455502.3996515776,763.3331,0.07171585771128407,-0.059196818059721795,1.275809847470272e-07
139,4333815.840058059,-455502.3996515776,902.3393,0.0720547620985717,-0.059525128198307194,3.720168817783834e-08
140,4338517.220887722,-475144.9119816816,0.494025,-0.18879847478717582,0.049771901730988596,-0.04030558743995825
141,4338517.220887722,-475144.9119816816,1.541375,0.008592772555581392,-0.11443490717439092,-0.14087441519522131
142,4338517.220887722,-475144.9119816816,2.645669,0.022567433645809695,-0.06693828016328712,-0.1377940930273343
143,4338517.220887722,-475144.9119816816,3.819495,0.03205174849373795,-0.0429521396106645,-0.13308888478270722
144,4338517.220887722,-475144.9119816816,5.078224,0.03854068188823012,-0.03229875393801607,-0.12748591401475587
145,4338517.220887722,-475144.9119816816,6.440614,0.043096896012261035,-0.028939805999709516,-0.12134430169613417
146,4338517.220887722,-475144.9119816816,7.92956,0.04645233422986855,-0.029369094083362895,-0.11481864607237041
147,4338517.220887722,-475144.9119816816,9.572997,0.04909254565519575,-0.031612176056009356,-0.10795277686886667
148,4338517.220887722,-475144.9119816816,11.405,0.05132392925073812,-0.03460347058942624,-0.10073523794514011
149,4338517.220887722,-475144.9119816816,13.46714,0.05332650604479525,-0.03779886353333211,-0.09313460734723882
150,4338517.220887722,-475144.9119816816,15.81007,0.05519506296353932,-0.04093674938690434,-0.08512517485989046
151,4338517.220887722,-475144.9119816816,18.49556,0.05697100335240589,-0.043895060742329906,-0.07670755944339894
152,4338517.220887722,-475144.9119816816,21.59882,0.05866595705179747,-0.046611505554364364,-0.06792673833468325
153,4338517.220887722,-475144.9119816816,25.21141,0.06027814589965745,-0.0490457995426509,-0.05888582911442207
154,4338517.220887722,-475144.9119816816,29.44473,0.061802312683938446,-0.05116767880539207,-0.04975351465830151
155,4338517.220887722,-475144.9119816816,34.43415,0.06323438352565325,-0.052958053904018934,-0.040761868502891985
156,4338517.220887722,-475144.9119816816,40.34405,0.06457201908168872,-0.054414000510991246,-0.032191008888862935
157,4338517.220887722,-475144.9119816816,47.37369,0.06581189142129104,-0.0555515371123812,-0.024339221340483788
158,4338517.220887722,-475144.9119816816,55.76429,0.06694515213529942,-0.05640353961217687,-0.017480085686560426
159,4338517.220887722,-475144.9119816816,65.80727,0.06795387013718832,-0.0570129728970446,-0.011814772205957058
160,4338517.220887722,-475144.9119816816,77.85385,0.06881242301302078,-0.0574244037581009,-0.007432448797073597
161,4338517.220887722,-475144.9119816816,92.32607,0.07067969800378242,-0.05734966451171922,-0.0042925474340160625
162,4338517.220887722,-475144.9119816816,109.7293,0.0711451030140444,-0.057519046291766046,-0.002236624482777337
163,4338517.220887722,-475144.9119816816,130.666,0.07143427728029472,-0.05760300186739682,-0.0010273888345201114
164,4338517.220887722,-475144.9119816816,155.8507,0.07158495314746752,-0.05763245778075407,-0.0004028442632544563
165,4338517.220887722,-475144.9119816816,186.1256,0.07164499865387855,-0.05763485135545911,-0.00012835352817370832
166,4338517.220887722,-475144.9119816816,222.4752,0.07165604825902946,-0.05763008697914592,-3.0442272690841632e-05
167,4338517.220887722,-475144.9119816816,266.0403,0.07164454169851248,-0.057628740886081886,-4.3991099455167595e-06
168,4338517.220887722,-475144.9119816816,318.1274,0.07162262934874884,-0.057634349858193816,-2.2051403714891224e-07
169,4338517.220887722,-475144.9119816816,380.213,0.0715938970990542,-0.057647751008997106,-1.5406301993857448e-07
170,4338517.220887722,-475144.9119816816,453.9377,0.0715584255095044,-0.05767051871398331,-1.8120319237426023e-07
171,4338517.220887722,-475144.9119816816,541.0889,0.07151551741429506,-0.057706576429685394,-7.390266792848966e-08
172,4338517.220887722,-475144.9119816816,643.5668,0.07146513654422637,-0.0577629347361091,1.6258317923560175e-10
173,4338517.220887722,-475144.9119816816,763.3331,0.07140951896075128,-0.057850616766220254,1.91104891127218e-08
174,4338517.220887722,-475144.9119816816,902.3393,0.07135618114292167,-0.057985990057073694,1.4906092446648094e-08
175,4339203.78529813,-468833.52373287774,0.494025,-0.2127793147074734,0.3653947485499492,0.22716209943482496
176,4339203.78529813,-468833.52373287774,1.541375,-0.07392821040976233,0.20153343853227215,0.18127634581939336
177,4339203.78529813,-468833.52373287774,2.645669,0.009624681334749072,0.10021752656693031,0.1490010768126021
178,4339203.78529813,-468833.52373287774,3.819495,0.05846206003263338,0.03888253909356973,0.12579296176714014
179,4339203.78529813,-468833.52373287774,5.078224,0.0857979417536295,0.002540518470531543,0.10847460652148765
180,4339203.78529813,-468833.52373287774,6.440614,0.1000532078234331,-0.01861700839344205,0.0948700244019145
181,4339203.78529813,-468833.52373287774,7.92956,0.10653372129478447,-0.030882094846268617,0.08352962358899038
182,4339203.78529813,-468833.52373287774,9.572997,0.10852507167660613,-0.03817782356553179,0.0735274589305325
183,4339203.78529813,-468833.52373287774,11.405,0.10800978796337612,-0.042850005595513496,0.06431291334430786
184,4339203.78529813,-468833.52373287774,13.46714,0.10614044569519485,-0.04621558600063205,0.0556014786539491
185,4339203.78529813,-468833.52373287774,15.81007,0.10355451672314148,-0.04894391678873082,0.04729307622239611
186,4339203.78529813,-468833.52373287774,18.49556,0.10058471835446549,-0.05132025941063875,0.03940901754170087
187,4339203.78529813,-468833.52373287774,21.59882,0.09739826696344779,-0.0534220981831594,0.03204338046587088
188,4339203.78529813,-468833.52373287774,25.21141,0.09408566579497274,-0.05523027845437523,0.025324479027158585
189,4339203.78529813,-468833.52373287774,29.44473,0.09071354568557063,-0.05669390412777361,0.019383678177829003
190,4339203.78529813,-468833.52373287774,34.43415,0.0873526645726962,-0.057767168802882574,0.014328433647787851
191,4339203.78529813,-468833.52373287774,40.34405,0.08408926214257013,-0.05843225166861038,0.010218080227905185
192,4339203.78529813,-468833.52373287774,47.37369,0.08102506897705004,-0.058714382607137086,0.007045344442193647
193,4339203.78529813,-468833.52373287774,55.76429,0.0782681878116901,-0.05868730888894283,0.004729677537814853
194,4339203.78529813,-468833.52373287774,65.80727,0.07591656561418332,-0.0584639003698872,0.0031285512589671084
195,4339203.78529813,-468833.52373287774,77.85385,0.07403747993264213,-0.058170265238542594,0.0020664768154530374
196,4339203.78529813,-468833.52373287774,92.32607,0.07383371393329544,-0.05758195420728496,0.0013724268489898753
197,4339203.78529813,-468833.52373287774,109.7293,0.07286769985963273,-0.057451124965577666,0.000910493029025257
198,4339203.78529813,-468833.52373287774,130.666,0.0722696376288224,-0.05741674585103422,0.0005919473648773835
199,4339203.78529813,-468833.52373287774,155.8507,0.07193614957555468,-0.05744523040910629,0.00036817895880630045
200,4339203.78529813,-468833.52373287774,186.1256,0.07176822411589573,-0.057496917858752175,0.00021433478745407894
201,4339203.78529813,-468833.52373287774,222.4752,0.07168899409007724,-0.05754594478134301,0.00011485270237315774
202,4339203.78529813,-468833.52373287774,266.0403,0.0716488101696797,-0.0575836879093586,5.6034688787090555e-05
203,4339203.78529813,-468833.52373287774,318.1274,0.07162063134380464,-0.05761223595119626,2.4738676419522532e-05
204,4339203.78529813,-468833.52373287774,380.213,0.07159185550385506,-0.05763747699821968,9.832010996194976e-06
205,4339203.78529813,-468833.52373287774,453.9377,0.07155729362574681,-0.057665939470259574,3.4743798461084754e-06
206,4339203.78529813,-468833.52373287774,541.0889,0.07151502830361817,-0.05770462603769148,1.0560720193191715e-06
207,4339203.78529813,-468833.52373287774,643.5668,0.07146495991607874,-0.057762147228238844,2.51562282584851e-07
208,4339203.78529813,-468833.52373287774,763.3331,0.07140946471074353,-0.05785031518868042,2.8954337307093238e-08
209,4339203.78529813,-468833.52373287774,902.3393,0.07135616682263562,-0.057985879003316726,-1.474583249860992e-08
210,4339881.045145775,-462522.2992525033,0.494025,-0.1816601583571712,0.1036573459452691,-0.5962440208426077
211,4339881.045145775,-462522.2992525033,1.541375,-0.10271247187016701,0.004753686599220347,-0.42873175716473094
212,4339881.045145775,-462522.2992525033,2.645669,-0.05167293633269141,-0.05486188247274665,-0.31942078572250376
213,4339881.045145775,-462522.2992525033,3.819495,-0.018816609599332422,-0.0889090335502711,-0.2474763996482801
214,4339881.045145775,-462522.2992525033,5.078224,0.002353438183058212,-0.1064833684332408,-0.1991982548979449
215,4339881.045145775,-462522.2992525033,6.440614,0.01615382749151531,-0.11361182937907932,-0.165635365772341
216,4339881.045145775,-462522.2992525033,7.92956,0.02542555136722316,-0.11427903200343212,-0.14100483698046895
217,4339881.045145775,-462522.2992525033,9.572997,0.03200821910339828,-0.1111064981080411,-0.12164303069248562
218,4339881.045145775,-462522.2992525033,11.405,0.03706084186346237,-0.10580488848161214,-0.10530683733849239
219,4339881.045145775,-462522.2992525033,13.46714,0.04128113144860507,-0.09947801994291763,-0.09070391217014635
220,4339881.045145775,-462522.2992525033,15.81007,0.04505790290710615,-0.09283048960997733,-0.07717252714858593
221,4339881.045145775,-462522.2992525033,18.49556,0.04857922432057349,-0.08631097214258177,-0.06445856046204512
222,4339881.045145775,-462522.2992525033,21.59882,0.05190932091544054,-0.08021081946777235,-0.0525591407143174
223,4339881.045145775,-462522.2992525033,25.21141,0.05504253447557558,-0.07472718022234599,-0.04161113674869518
224,4339881.045145775,-462522.2992525033,29.44473,0.05793956848015172,-0.06999649071391205,-0.031810495447425535
225,4339881.045145775,-462522.2992525033,34.43415,0.06055107917896609,-0.06610408649534988,-0.0233504510393392
226,4339881.045145775,-462522.2992525033,40.34405,0.06283352696403949,-0.0630787407715627,-0.01637033216093444
227,4339881.045145775,-462522.2992525033,47.37369,0.06476036960072418,-0.060884338386153924,-0.010914683804627892
228,4339881.045145775,-462522.2992525033,55.76429,0.06632925757175973,-0.05942020139163283,-0.006909417655203951
229,4339881.045145775,-462522.2992525033,65.80727,0.06756361101891062,-0.05853695178514929,-0.0041655112633694055
230,4339881.045145775,-462522.2992525033,77.85385,0.06850727757540155,-0.058065895149558344,-0.0024143779110454232
231,4339881.045145775,-462522.2992525033,92.32607,0.07039738747635067,-0.057522450609886505,-0.001365478467676421
232,4339881.045145775,-462522.2992525033,109.7293,0.07088309676022936,-0.05748306694576348,-0.0007636971725721955
233,4339881.045145775,-462522.2992525033,130.666,0.07121685772073026,-0.05750610251983229,-0.00042318736223348117
234,4339881.045145775,-462522.2992525033,155.8507,0.07143060464622634,-0.05754613960844353,-0.00022922128557194588
235,4339881.045145775,-462522.2992525033,186.1256,0.07155236767335554,-0.057581378812233866,-0.00011873798883218791
236,4339881.045145775,-462522.2992525033,222.4752,0.07160888309565652,-0.05760545512065821,-5.765391834782117e-05
237,4339881.045145775,-462522.2992525033,266.0403,0.07162380656929879,-0.0576208199347458,-2.5889448563708274e-05
238,4339881.045145775,-462522.2992525033,318.1274,0.07161447489308238,-0.057633186513250834,-1.065416239139577e-05
239,4339881.045145775,-462522.2992525033,380.213,0.07159087828114968,-0.05764822334666724,-3.970407625134836e-06
240,4339881.045145775,-462522.2992525033,453.9377,0.07155732845673766,-0.05767094032380588,-1.3103166631081572e-06
241,4339881.045145775,-462522.2992525033,541.0889,0.07151512754490913,-0.05770672889322633,-3.702392699553078e-07
242,4339881.045145775,-462522.2992525033,643.5668,0.0714650084233826,-0.05776294414409875,-8.71492178368529e-08
243,4339881.045145775,-462522.2992525033,763.3331,0.07140948391872141,-0.05785058771970629,-1.8755001202706203e-08
244,4339881.045145775,-462522.2992525033,902.3393,0.07135617531731231,-0.057985964118209395,-6.287670730581488e-09
245,4340549.125536747,-456210.0964726406,0.494025,-0.19326539653290112,-0.060826360346903974,-0.3257602560203332
246,4340549.125536747,-456210.0964726406,1.541375,-0.08475310775034278,-0.03574019449143856,-0.2096058674935849
247,4340549.125536747,-456210.0964726406,2.645669,-0.01970617820604817,-0.022978187286668474,-0.13460209164676826
248,4340549.125536747,-456210.0964726406,3.819495,0.018340874911719936,-0.017588035081484862,-0.08622418524264105
249,4340549.125536747,-456210.0964726406,5.078224,0.039883337702457236,-0.01658663724702792,-0.05486492471343902
250,4340549.125536747,-456210.0964726406,6.440614,0.05156035494104683,-0.01817759748596607,-0.03421892785372658
251,4340549.125536747,-456210.0964726406,7.92956,0.057523026789286724,-0.02127455133750368,-0.02020065584557466
252,4340549.125536747,-456210.0964726406,9.572997,0.0603213239517356,-0.025211581338771983,-0.010219976649232639
253,4340549.125536747,-456210.0964726406,11.405,0.06148166313391078,-0.02956815715673011,-0.002694889593103905
254,4340549.125536747,-456210.0964726406,13.46714,0.06188544467957738,-0.03406449489352971,0.0032798034178641924
255,4340549.125536747,-456210.0964726406,15.81007,0.062018561859521176,-0.038500209585031954,0.008162013838699928
256,4340549.125536747,-456210.0964726406,18.49556,0.062135204680557075,-0.04272003413968115,0.012125849681887943
257,4340549.125536747,-456210.0964726406,21.59882,0.06236211491903862,-0.046595979208278585,0.015180499951570225
258,4340549.125536747,-456210.0964726406,25.21141,0.06275979075002615,-0.05002051393581877,0.01725874396207998
259,4340549.125536747,-456210.0964726406,29.44473,0.06335272210530157,-0.052907504106411235,0.018283941768975506
260,4340549.125536747,-456210.0964726406,34.43415,0.06413930950281083,-0.05519908447189286,0.018222022024375256
261,4340549.125536747,-456210.0964726406,40.34405,0.06509140712476666,-0.05687591039426393,0.0171213234237685
262,4340549.125536747,-456210.0964726406,47.37369,0.06615219700804546,-0.05796595596764343,0.015137428552344442
263,4340549.125536747,-456210.0964726406,55.76429,0.06723938089208495,-0.05854611287676004,0.012534882160459952
264,4340549.125536747,-456210.0964726406,65.80727,0.06825781196107644,-0.05873235908804947,0.009657469876150519
265,4340549.125536747,-456210.0964726406,77.85385,0.06912101729874598,-0.05865915452271479,0.006867027498465709
266,4340549.125536747,-456210.0964726406,92.32607,0.07095833262608223,-0.05812567075395104,0.004465894115303583
267,4340549.125536747,-456210.0964726406,109.7293,0.07136126488737833,-0.05792762143674781,0.0026316845874985177
268,4340549.125536747,-456210.0964726406,130.666,0.07157663582925175,-0.057764511473432895,0.0013933682527231782
269,4340549.125536747,-456210.0964726406,155.8507,0.07166357629303163,-0.0576601419228166,0.0006591293895580935
270,4340549.125536747,-456210.0964726406,186.1256,0.0716803833353377,-0.057610524184205446,0.0002788084173161798
271,4340549.125536747,-456210.0964726406,222.4752,0.07166790028190137,-0.057598204193473945,0.000106806136800131
272,4340549.125536747,-456210.0964726406,266.0403,0.07164636208342394,-0.057605296785269676,3.817269288120885e-05
273,4340549.125536747,-456210.0964726406,318.1274,0.07162153981480385,-0.05762066732656389,1.3289966165705967e-05
274,4340549.125536747,-456210.0964726406,380.213,0.07159269693404365,-0.05764074095508871,4.674185341908097e-06
275,4340549.125536747,-456210.0964726406,453.9377,0.0715577426142631,-0.05766722439416454,1.6773368961249789e-06
276,4340549.125536747,-456210.0964726406,541.0889,0.07151523498712103,-0.05770513386823027,6.111200481218053e-07
277,4340549.125536747,-456210.0964726406,643.5668,0.07146504886562702,-0.05776234357564007,2.287481754031541e-07
278,4340549.125536747,-456210.0964726406,763.3331,0.07140950285070374,-0.057850389402762874,9.145189271191606e-08
279,4340549.125536747,-456210.0964726406,902.3393,0.0713561845130174,-0.05798590750217417,4.019935297030356e-08
280,4345238.723142079,-475881.0361998027,0.494025,0.18156342380593254,0.07903621586901888,0.3176289543049081
281,4345238.723142079,-475881.0361998027,1.541375,0.2293620347564853,-0.1932973238203055,0.22645522089451403
282,4345238.723142079,-475881.0361998027,2.645669,0.1847476080148005,-0.14302585042822208,0.13317108891586163
283,4345238.723142079,-475881.0361998027,3.819495,0.15601585390185307,-0.11279166228836325,0.07502322673618368
284,4345238.723142079,-475881.0361998027,5.078224,0.13733192960034307,-0.0946843048021459,0.03915800514781645
285,4345238.723142079,-475881.0361998027,6.440614,0.1248613917383453,-0.08368791073800343,0.017248971620381193
286,4345238.723142079,-475881.0361998027,7.92956,0.11611990761942004,-0.0767032997303983,0.003937987876186946
287,4345238.723142079,-475881.0361998027,9.572997,0.10953322983713457,-0.0718890081769668,-0.004177131741753398
288,4345238.723142079,-475881.0361998027,11.405,0.10413886204619043,-0.06821654093626162,-0.009204756243825392
289,4345238.723142079,-475881.0361998027,13.46714,0.0993825865783694,-0.06516862095533099,-0.012398071418120198
290,4345238.723142079,-475881.0361998027,15.81007,0.09497860543895839,-0.06253360740008801,-0.014451926835380675
291,4345238.723142079,-475881.0361998027,18.49556,0.09081255235334679,-0.06026617685429718,-0.01570970414444802
292,4345238.723142079,-475881.0361998027,21.59882,0.08687496796892714,-0.058395930360120564,-0.016310669847676765
293,4345238.723142079,-475881.0361998027,25.21141,0.08321606084629272,-0.05697050345369605,-0.016295282689093065
294,4345238.723142079,-475881.0361998027,29.44473,0.07991492629516882,-0.056022241163871014,-0.015677969326984856
295,4345238.723142079,-475881.0361998027,34.43415,0.0770567612444536,-0.05554907563940185,-0.014493921756371823
296,4345238.723142079,-475881.0361998027,40.34405,0.07471296394722715,-0.05550412289848283,-0.0128247920622479
297,4345238.723142079,-475881.0361998027,47.37369,0.0729225314591031,-0.05579388153687938,-0.010806104810449356
298,4345238.723142079,-475881.0361998027,55.76429,0.07167713815862095,-0.05628812589935385,-0.008617272647325973
299,4345238.723142079,-475881.0361998027,65.80727,0.07091566328119817,-0.05684300297458812,-0.006456193271469018
300,4345238.723142079,-475881.0361998027,77.85385,0.07053333877923526,-0.05733263671916836,-0.0045047147798766675
301,4345238.723142079,-475881.0361998027,92.32607,0.07158867098564592,-0.057349615139313706,-0.002895652479975993
302,4345238.723142079,-475881.0361998027,109.7293,0.07156612542517607,-0.057568951498185125,-0.0016920477399748985
303,4345238.723142079,-475881.0361998027,130.666,0.07159334744308725,-0.05765841867099482,-0.0008845019876817494
304,4345238.723142079,-475881.0361998027,155.8507,0.07162468830120128,-0.0576703501893712,-0.0004062940932196037
305,4345238.723142079,-475881.0361998027,186.1256,0.07164328162969524,-0.05765284762275712,-0.00016123607093812287
306,4345238.723142079,-475881.0361998027,222.4752,0.07164694628710243,-0.05763512704968182,-5.475121582854067e-05
307,4345238.723142079,-475881.0361998027,266.0403,0.07163811121107042,-0.05762793520861925,-1.6107281044065143e-05
308,4345238.723142079,-475881.0361998027,318.1274,0.07161942387854112,-0.05763191142693837,-4.384660906161967e-06
309,4345238.723142079,-475881.0361998027,380.213,0.07159250278092168,-0.05764549217135661,-1.300583218938592e-06
310,4345238.723142079,-475881.0361998027,453.9377,0.07155783368343885,-0.057668961106358274,-5.170736150753201e-07
311,4345238.723142079,-475881.0361998027,541.0889,0.07151526572558568,-0.05770567695685243,-2.7596852340945185e-07
312,4345238.723142079,-475881.0361998027,643.5668,0.0714650347354997,-0.057762479524480416,-1.634226271080567e-07
313,4345238.723142079,-475881.0361998027,763.3331,0.07140948315949472,-0.05785040871986834,-9.396776696343154e-08
314,4345238.723142079,-475881.0361998027,902.3393,0.07135617166206641,-0.0579859019564539,-5.0387291466177463e-08
315,4345926.351221016,-469559.8699535443,0.494025,0.1353293778791978,-0.05643203958536079,-0.022974949610412826
316,4345926.351221016,-469559.8699535443,1.541375,0.16630703409408804,-0.2537390507294156,-0.27969429998897016
317,4345926.351221016,-469559.8699535443,2.645669,0.11319911110499103,-0.19839785557539857,-0.2564422490801353
318,4345926.351221016,-469559.8699535443,3.819495,0.0819497764871836,-0.16386473073553565,-0.2376471547029133
319,4345926.351221016,-469559.8699535443,5.078224,0.06446299360891192,-0.14192207747787852,-0.22069778841767174
320,4345926.351221016,-469559.8699535443,6.440614,0.05552179324117611,-0.12748208554110857,-0.2042294364325026
321,4345926.351221016,-469559.8699535443,7.92956,0.05178084463495393,-0.11742241381832785,-0.18760412850308783
322,4345926.351221016,-469559.8699535443,9.572997,0.05111332868901366,-0.10985456554210099,-0.17059697774311408
323,4345926.351221016,-469559.8699535443,11.405,0.052185094788743835,-0.10366342532872054,-0.15321107905339887
324,4345926.351221016,-469559.8699535443,13.46714,0.05417461267803656,-0.0982169173126557,-0.1355729277759928
325,4345926.351221016,-469559.8699535443,15.81007,0.056586462132874146,-0.09318275370397547,-0.11787948816969931
326,4345926.351221016,-469559.8699535443,18.49556,0.059125837035437084,-0.08841230915423243,-0.10037640064559247
327,4345926.351221016,-469559.8699535443,21.59882,0.06161421585745773,-0.08386727851526143,-0.08335469711687071
328,4345926.351221016,-469559.8699535443,25.21141,0.06393514932348951,-0.07957249912226053,-0.06715095769956808
329,4345926.351221016,-469559.8699535443,29.44473,0.0660034005309615,-0.07558455408969682,-0.052139276187445335
330,4345926.351221016,-469559.8699535443,34.43415,0.06775246308294078,-0.07196927592131745,-0.03870534445427214
331,4345926.351221016,-469559.8699535443,40.34405,0.06913534454713911,-0.06878434023605971,-0.027198648855265677
332,4345926.351221016,-469559.8699535443,47.37369,0.07013238805501414,-0.0660663510768796,-0.017869120756962866
333,4345926.351221016,-469559.8699535443,55.76429,0.07075942041796873,-0.06382349675614549,-0.010803365184236517
334,4345926.351221016,-469559.8699535443,65.80727,0.07106978704910269,-0.06203540489129187,-0.0058845468871677
335,4345926.351221016,-469559.8699535443,77.85385,0.07114628550063046,-0.06065955883379211,-0.0027991028546739917
336,4345926.351221016,-469559.8699535443,92.32607,0.07226665358621878,-0.05931275989039897,-0.0010998465094009023
337,4345926.351221016,-469559.8699535443,109.7293,0.0721163042960125,-0.058628726387626555,-0.0003087664587276335
338,4345926.351221016,-469559.8699535443,130.666,0.07196588633766333,-0.058183797986695734,-1.866520214748021e-05
339,4345926.351221016,-469559.8699535443,155.8507,0.07184518650929667,-0.05791590351390999,4.876670040666132e-05
340,4345926.351221016,-469559.8699535443,186.1256,0.07176003651114973,-0.057767686702299384,4.352151788880535e-05
341,4345926.351221016,-469559.8699535443,222.4752,0.07170295515316398,-0.057692661751811064,2.6543133860425734e-05
342,4345926.351221016,-469559.8699535443,266.0403,0.07166264837182068,-0.05765905567749529,1.4166539058400839e-05
343,4345926.351221016,-469559.8699535443,318.1274,0.07162934804857152,-0.057648951928328994,7.228422647605183e-06
344,4345926.351221016,-469559.8699535443,380.213,0.07159628973099982,-0.05765432164924527,3.644131252537584e-06
345,4345926.351221016,-469559.8699535443,453.9377,0.07155924552630291,-0.05767316108175926,1.809788520571894e-06
346,4345926.351221016,-469559.8699535443,541.0889,0.07151580040558363,-0.05770751318350811,8.654578415895945e-07
347,4345926.351221016,-469559.8699535443,643.5668,0.07146524538433581,-0.05776322819689189,3.8863718813545437e-07
348,4345926.351221016,-469559.8699535443,763.3331,0.07140956909015105,-0.05785069681476002,1.6181701443877643e-07
349,4345926.351221016,-469559.8699535443,902.3393,0.07135620713857152,-0.05798600705394872,6.312106609366391e-08
350,4346604.66032198,-463238.8677294356,0.494025,0.05453030405843635,-0.3374964886190383,0.03715436540971773
351,4346604.66032198,-463238.8677294356,1.541375,0.04558459093595361,-0.19384659629972956,0.07986579097834423
352,4346604.66032198,-463238.8677294356,2.645669,0.040640888478071555,-0.11048679554397636,0.10414582477100583
353,4346604.66032198,-463238.8677294356,3.819495,0.03859863194830361,-0.06409690795763319,0.11598040668953057
354,4346604.66032198,-463238.8677294356,5.078224,0.038585537174351314,-0.04002633892444265,0.11951425597943452
355,4346604.66032198,-463238.8677294356,6.440614,0.03993797685997956,-0.029130214017801075,0.11760928269764952
356,4346604.66032198,-463238.8677294356,7.92956,0.042167193796369414,-0.0257600421555258,0.11222994313231738
357,4346604.66032198,-463238.8677294356,9.572997,0.0449231245220935,-0.02648416138298527,0.10471110161226892
358,4346604.66032198,-463238.8677294356,11.405,0.047960732755267535,-0.0292685780491969,0.09594671140059041
359,4346604.66032198,-463238.8677294356,13.46714,0.0511104191059913,-0.03294856697749522,0.08652568786499214
360,4346604.66032198,-463238.8677294356,15.81007,0.05425264053908322,-0.03688489272546394,0.07683326371296088
361,4346604.66032198,-463238.8677294356,18.49556,0.05729721662949411,-0.04074028556835606,0.06712804350220597
362,4346604.66032198,-463238.8677294356,21.59882,0.06016774145169808,-0.044337364959578594,0.05760082599099239
363,4346604.66032198,-463238.8677294356,25.21141,0.06279253009851586,-0.04757508228248574,0.04841513674746627
364,4346604.66032198,-463238.8677294356,29.44473,0.06510272518704258,-0.05038710946321136,0.039729474925945654
365,4346604.66032198,-463238.8677294356,34.43415,0.06703730088946751,-0.05272808038115963,0.03170226784497196
366,4346604.66032198,-463238.8677294356,40.34405,0.0685532967471763,-0.054575027686503554,0.024483075727225787
367,4346604.66032198,-463238.8677294356,47.37369,0.06963786410269002,-0.05593372354331074,0.01819650602138124
368,4346604.66032198,-463238.8677294356,55.76429,0.0703175643754082,-0.05684336165030993,0.012924940205686734
369,4346604.66032198,-463238.8677294356,65.80727,0.07065971579120418,-0.05737569990186549,0.00869577041712579
370,4346604.66032198,-463238.8677294356,77.85385,0.07076227638657959,-0.05762678430212065,0.005476230507172366
371,4346604.66032198,-463238.8677294356,92.32607,0.07191635946897286,-0.05737307277247436,0.003176353080766313
372,4346604.66032198,-463238.8677294356,109.7293,0.07181436036402097,-0.057402878183324096,0.0016586698031281217
373,4346604.66032198,-463238.8677294356,130.666,0.07172634054057195,-0.057418994145361404,0.0007536037030042978
374,4346604.66032198,-463238.8677294356,155.8507,0.0716736996088343,-0.05744982905274414,0.00028066505786273005
375,4346604.66032198,-463238.8677294356,186.1256,0.0716507909585992,-0.057495156901744886,7.388407675755649e-05
376,4346604.66032198,-463238.8677294356,222.4752,0.07164144592270918,-0.05754259097739757,4.450883959950952e-06
377,4346604.66032198,-463238.8677294356,266.0403,0.07163192010494357,-0.05758230182807212,-9.151955464799218e-06
378,4346604.66032198,-463238.8677294356,318.1274,0.0716154467031228,-0.05761273040289307,-7.101107275397813e-06
379,4346604.66032198,-463238.8677294356,380.213,0.07159036805280874,-0.057638550398651435,-3.647525050951979e-06
380,4346604.66032198,-463238.8677294356,453.9377,0.07155676328211369,-0.057666789390192444,-1.62760383593292e-06
381,4346604.66032198,-463238.8677294356,541.0889,0.07151475397277149,-0.057705095730547294,-7.103045947964629e-07
382,4346604.66032198,-463238.8677294356,643.5668,0.07146480561969991,-0.05776235248745299,-3.193364725826957e-07
383,4346604.66032198,-463238.8677294356,763.3331,0.07140938787652608,-0.05785039030726729,-1.4654871835281456e-07
384,4346604.66032198,-463238.8677294356,902.3393,0.07135613402410768,-0.05798590350676031,-6.639787330751682e-08
385,4347273.775744883,-456916.88569019584,0.494025,0.05649549137040487,-0.009929873951438906,-0.13630634007378176
386,4347273.775744883,-456916.88569019584,1.541375,0.12369852167139106,-0.16716504519024605,-0.020870711637809417
387,4347273.775744883,-456916.88569019584,2.645669,0.09757965465718761,-0.19484092502175013,0.05211471584626934
388,4347273.775744883,-456916.88569019584,3.819495,0.08204561781239005,-0.20698821440735646,0.08924141577665534
389,4347273.775744883,-456916.88569019584,5.078224,0.0731309934019987,-0.2090963695520029,0.10512333355770336
390,4347273.775744883,-456916.88569019584,6.440614,0.06823941300817837,-0.20481888872697154,0.1087466628491556
391,4347273.775744883,-456916.88569019584,7.92956,0.06570756063548885,-0.19657809693807357,0.1055393087383017
392,4347273.775744883,-456916.88569019584,9.572997,0.06450268579218975,-0.18597024154574843,0.09869902375670317
393,4347273.775744883,-456916.88569019584,11.405,0.06401238224589519,-0.17404001393817448,0.09004872507729482
394,4347273.775744883,-456916.88569019584,13.46714,0.06389752452962984,-0.1614698179301875,0.08058955565540675
395,4347273.775744883,-456916.88569019584,15.81007,0.0639886980675438,-0.14871367654684098,0.07085887905823257
396,4347273.775744883,-456916.88569019584,18.49556,0.06421370294995903,-0.1360925952719354,0.061157840522925666
397,4347273.775744883,-456916.88569019584,21.59882,0.06454863115453975,-0.12386189977044135,0.051689346458548495
398,4347273.775744883,-456916.88569019584,25.21141,0.06498739800247999,-0.11225275084283257,0.04263132676109706
399,4347273.775744883,-456916.88569019584,29.44473,0.06552503539988737,-0.10148969828226564,0.03416489062288322
400,4347273.775744883,-456916.88569019584,34.43415,0.06614990208404606,-0.091786551162872,0.026472908415169447
401,4347273.775744883,-456916.88569019584,40.34405,0.06684071357992011,-0.08332564890306829,0.01972125985628524
402,4347273.775744883,-456916.88569019584,47.37369,0.0675660223983564,-0.07622991477330424,0.01403329846967968
403,4347273.775744883,-456916.88569019584,55.76429,0.06828569136934579,-0.07053802345604693,0.009466180624942769
404,4347273.775744883,-456916.88569019584,65.80727,0.06895488788785176,-0.06619312515267085,0.005997497416589579
405,4347273.775744883,-456916.88569019584,77.85385,0.06953114534417074,-0.06305085292404618,0.003527387091581186
406,4347273.775744883,-456916.88569019584,92.32607,0.07116682321538606,-0.06057763536361056,0.0018960787791848662
407,4347273.775744883,-456916.88569019584,109.7293,0.07145209111718916,-0.05923633752906464,0.0009114282477351511
408,4347273.775744883,-456916.88569019584,130.666,0.07161150469113088,-0.05844335982440893,0.0003789425477002651
409,4347273.775744883,-456916.88569019584,155.8507,0.07167733390528569,-0.0580096980290795,0.00012791996319396577
410,4347273.775744883,-456916.88569019584,186.1256,0.0716875671613477,-0.05779189994037185,2.8872400556842493e-05
411,4347273.775744883,-456916.88569019584,222.4752,0.07167266222902238,-0.05769282560919439,-1.350714993137405e-06
412,4347273.775744883,-456916.88569019584,266.0403,0.07164943438823079,-0.05765414892857195,-6.637065107453039e-06
413,4347273.775744883,-456916.88569019584,318.1274,0.07162317190707632,-0.057645206654124294,-5.364231092367048e-06
414,4347273.775744883,-456916.88569019584,380.213,0.07159330209683888,-0.0576525599182717,-3.3479943724461207e-06
415,4347273.775744883,-456916.88569019584,453.9377,0.07155780142057719,-0.05767259402438334,-1.8342721991260781e-06
416,4347273.775744883,-456916.88569019584,541.0889,0.07151511284343166,-0.05770739200500863,-8.885207270838777e-07
417,4347273.775744883,-456916.88569019584,643.5668,0.07146492768132129,-0.05776320585052064,-3.701660109220412e-07
418,4347273.775744883,-456916.88569019584,763.3331,0.0714094293473859,-0.05785068207897885,-1.2545335776136666e-07
419,4347273.775744883,-456916.88569019584,902.3393,0.07135614906982253,-0.05798599313925067,-2.951667806683122e-08
420,4351950.96357759,-476616.1460837916,0.494025,0.0741205926312182,-0.3403630746373168,-0.3085753479825054
421,4351950.96357759,-476616.1460837916,1.541375,0.06424092352814714,-0.39411038481679855,-0.2050924651426077
422,4351950.96357759,-476616.1460837916,2.645669,0.09314646843161695,-0.2446964920071792,-0.04717029700635586
423,4351950.96357759,-476616.1460837916,3.819495,0.10651982939192545,-0.15464601663027297,0.04024082156610935
424,4351950.96357759,-476616.1460837916,5.078224,0.11088496094845078,-0.10171032918236436,0.0844649683280306
425,4351950.96357759,-476616.1460837916,6.440614,0.11022445745976889,-0.07157612050816364,0.10283948654992683
426,4351950.96357759,-476616.1460837916,7.92956,0.1069263959994364,-0.05513197444070009,0.10622733316130094
427,4351950.96357759,-476616.1460837916,9.572997,0.10238894512457175,-0.04667454130025074,0.10131267473650955
428,4351950.96357759,-476616.1460837916,11.405,0.09740743401248561,-0.04272528407758875,0.09210802496453298
429,4351950.96357759,-476616.1460837916,13.46714,0.09242246376117941,-0.04124318582498479,0.08095009910271861
430,4351950.96357759,-476616.1460837916,15.81007,0.08767796934013264,-0.04109471918069782,0.06916171767336834
431,4351950.96357759,-476616.1460837916,18.49556,0.08331831989044382,-0.041693764101836145,0.05748834388026187
432,4351950.96357759,-476616.1460837916,21.59882,0.07944289523726891,-0.04275866838970517,0.04637652145117276
433,4351950.96357759,-476616.1460837916,25.21141,0.07612966728523068,-0.044154156541037944,0.03613461052653109
434,4351950.96357759,-476616.1460837916,29.44473,0.0734378740659928,-0.04579637710440302,0.027007242426673163
435,4351950.96357759,-476616.1460837916,34.43415,0.07139899438828365,-0.047603693890310564,0.01919095685023356
436,4351950.96357759,-476616.1460837916,40.34405,0.07000462608002461,-0.0494788332044064,0.012816380654224564
437,4351950.96357759,-476616.1460837916,47.37369,0.06919895259545031,-0.05131134928937517,0.00792027471819657
438,4351950.96357759,-476616.1460837916,55.76429,0.06888114887933819,-0.05299243278202685,0.004426251377024934
439,4351950.96357759,-476616.1460837916,65.80727,0.06891961821181677,-0.05443448879440789,0.002148404048746941
440,4351950.96357759,-476616.1460837916,77.85385,0.06917481346456192,-0.055587163535000525,0.0008228388019346459
441,4351950.96357759,-476616.1460837916,92.32607,0.07070596101561517,-0.05611500642245419,0.00015980013893576777
442,4351950.96357759,-476616.1460837916,109.7293,0.0710221577279809,-0.05673941514772761,-0.0001019528926156454
443,4351950.96357759,-476616.1460837916,130.666,0.07128029750157731,-0.057147236744641054,-0.00015870682914267953
444,4351950.96357759,-476616.1460837916,155.8507,0.07146015592064163,-0.05739223044829493,-0.00013325390616007995
445,4351950.96357759,-476616.1460837916,186.1256,0.07156576101591054,-0.057525062270916215,-8.877364643051155e-05
446,4351950.96357759,-476616.1460837916,222.4752,0.07161410535047308,-0.05758897432828119,-5.080049757256344e-05
447,4351950.96357759,-476616.1460837916,266.0403,0.07162491197224453,-0.057617324553712934,-2.560877997331115e-05
448,4351950.96357759,-476616.1460837916,318.1274,0.07161374834379947,-0.05763258522092392,-1.1496801739716217e-05
449,4351950.96357759,-476616.1460837916,380.213,0.07158964468842162,-0.05764785383312118,-4.635576824983794e-06
450,4351950.96357759,-476616.1460837916,453.9377,0.07155625890843106,-0.05767053943188483,-1.6932002255692307e-06
451,4351950.96357759,-476616.1460837916,541.0889,0.0715144317998365,-0.05770642065241324,-5.663541156694414e-07
452,4351950.96357759,-476616.1460837916,643.5668,0.0714646407045865,-0.05776276384801928,-1.7698378004427223e-07
453,4351950.96357759,-476616.1460837916,763.3331,0.0714093204238721,-0.057850498705082555,-5.312695566780112e-08
454,4351950.96357759,-476616.1460837916,902.3393,0.07135611215377782,-0.05798592312933089,-1.521072269683193e-08
455,4352639.653859386,-470285.21531356085,0.494025,0.2501738061413767,-0.2258038711427881,-0.020286666447879187
456,4352639.653859386,-470285.21531356085,1.541375,0.23823482979237026,-0.33688624072680784,0.047877312554601995
457,4352639.653859386,-470285.21531356085,2.645669,0.18338184007978528,-0.21597928815125944,-0.0019636370963064913
458,4352639.653859386,-470285.21531356085,3.819495,0.1497774459148155,-0.14284721574127085,-0.030791153653261457
459,4352639.653859386,-470285.21531356085,5.078224,0.1291253747015817,-0.10025312880261787,-0.046441546851186205
460,4352639.653859386,-470285.21531356085,6.440614,0.11620048176960286,-0.07679309766675835,-0.05396624429240076
461,4352639.653859386,-470285.21531356085,7.92956,0.10775483505807426,-0.06499366190342726,-0.05657661309636688
462,4352639.653859386,-470285.21531356085,9.572997,0.10181144865539643,-0.060027071140454906,-0.05627077512208483
463,4352639.653859386,-470285.21531356085,11.405,0.09720689284011011,-0.0588399989725964,-0.05425219588546831
464,4352639.653859386,-470285.21531356085,13.46714,0.09329354118222266,-0.0595577581095287,-0.051212568288898586
465,4352639.653859386,-470285.21531356085,15.81007,0.08974465844941296,-0.06107217937180009,-0.04752636810135906
466,4352639.653859386,-470285.21531356085,18.49556,0.0864263184545668,-0.06275479472114401,-0.0433864318540029
467,4352639.653859386,-470285.21531356085,21.59882,0.08331434696198266,-0.06426028943969161,-0.0388984399049393
468,4352639.653859386,-470285.21531356085,25.21141,0.08044147791994405,-0.06539977824474744,-0.034144134698979575
469,4352639.653859386,-470285.21531356085,29.44473,0.07786441384380219,-0.06606945769599648,-0.029219878614811894
470,4352639.653859386,-470285.21531356085,34.43415,0.07564247865894053,-0.06622066905026677,-0.024255312396955876
471,4352639.653859386,-470285.21531356085,40.34405,0.07382193186966654,-0.06585591535687056,-0.01941523111914011
472,4352639.653859386,-470285.21531356085,47.37369,0.07242367823219978,-0.06503492414385996,-0.014886811977648776
473,4352639.653859386,-470285.21531356085,55.76429,0.07143533806216067,-0.06387654214663255,-0.01085400649610185
474,4352639.653859386,-470285.21531356085,65.80727,0.07081050511034434,-0.06254607285220602,-0.007464418497087812
475,4352639.653859386,-470285.21531356085,77.85385,0.07047667527781379,-0.06122457974091976,-0.004798508156513162
476,4352639.653859386,-470285.21531356085,92.32607,0.07153266590454935,-0.0597394216119636,-0.0028533639708948045
477,4352639.653859386,-470285.21531356085,109.7293,0.07149947846869474,-0.05887629365442902,-0.001548909187559069
478,4352639.653859386,-470285.21531356085,130.666,0.07152404865301708,-0.05829035497115515,-0.000754073176509859
479,4352639.653859386,-470285.21531356085,155.8507,0.07156390022635245,-0.05793805052635987,-0.0003211054121136812
480,4352639.653859386,-470285.21531356085,186.1256,0.07159665813180359,-0.057750445603653174,-0.00011519317118790888
481,4352639.653859386,-470285.21531356085,222.4752,0.07161452190006594,-0.057663670474735695,-3.253601745776725e-05
482,4352639.653859386,-470285.21531356085,266.0403,0.07161737771968404,-0.05763254957184805,-5.896290754750116e-06
483,4352639.653859386,-470285.21531356085,318.1274,0.07160734933802738,-0.05763027736405271,3.398053163400142e-07
484,4352639.653859386,-470285.21531356085,380.213,0.07158620221605022,-0.05764344740420259,9.835246709913173e-07
485,4352639.653859386,-470285.21531356085,453.9377,0.07155491206603737,-0.05766776155254297,6.475385280405182e-07
486,4352639.653859386,-470285.21531356085,541.0889,0.07151405935492514,-0.05770517310184162,3.3293231121447427e-07
487,4352639.653859386,-470285.21531356085,643.5668,0.07146458886043178,-0.05776232916751754,1.4774348131524713e-07
488,4352639.653859386,-470285.21531356085,763.3331,0.07140933606210179,-0.05785039050331087,5.582314662347719e-08
489,4352639.653859386,-470285.21531356085,902.3393,0.07135612932761867,-0.057985916564835586,1.6496668531851397e-08
490,4353319.010767862,-463954.4488188505,0.494025,0.06010981609194113,-0.39899452938753543,-0.0061857039305570904
491,4353319.010767862,-463954.4488188505,1.541375,0.05204625931063962,-0.3822744079190726,0.013804584362896444
492,4353319.010767862,-463954.4488188505,2.645669,0.06585271268597284,-0.2785718984519472,0.022973386081154637
493,4353319.010767862,-463954.4488188505,3.819495,0.07437452377083496,-0.21277793447362303,0.026580299236718438
494,4353319.010767862,-463954.4488188505,5.078224,0.07926927037518662,-0.17086937107168934,0.027253621959833677
495,4353319.010767862,-463954.4488188505,6.440614,0.08174828123344159,-0.1437906157292424,0.026561344821180333
496,4353319.010767862,-463954.4488188505,7.92956,0.08267153483613221,-0.1257345925435981,0.02537777905078012
497,4353319.010767862,-463954.4488188505,9.572997,0.08263049314235939,-0.11302513718775736,0.024134870339788943
498,4353319.010767862,-463954.4488188505,11.405,0.0820166921399978,-0.10338801874081444,0.02299417445614261
499,4353319.010767862,-463954.4488188505,13.46714,0.08107743123679856,-0.09547257588664475,0.021964426595592133
500,4353319.010767862,-463954.4488188505,15.81007,0.07996092431250834,-0.0885346733840238,0.020980838846991257
501,4353319.010767862,-463954.4488188505,18.49556,0.07875264620573068,-0.08222283504729715,0.01995583792834059
502,4353319.010767862,-463954.4488188505,21.59882,0.07750373271267702,-0.07643200759451045,0.018807917340058204
503,4353319.010767862,-463954.4488188505,25.21141,0.07625135494424426,-0.0712011629776115,0.017474762088515703
504,4353319.010767862,-463954.4488188505,29.44473,0.07503120761905327,-0.06663977957466018,0.015917991057042218
505,4353319.010767862,-463954.4488188505,34.43415,0.07388286687878212,-0.06287214534787598,0.014126610811138985
506,4353319.010767862,-463954.4488188505,40.34405,0.07284931455215797,-0.0599920687981048,0.012123046457091013
507,4353319.010767862,-463954.4488188505,47.37369,0.07197217637844408,-0.05802633259734228,0.009970500759337442
508,4353319.010767862,-463954.4488188505,55.76429,0.07128416033105445,-0.05691139007430696,0.007775579818418905
509,4353319.010767862,-463954.4488188505,65.80727,0.07080079074934581,-0.05649225041802661,0.0056787630756742645
510,4353319.010767862,-463954.4488188505,77.85385,0.07051436974506275,-0.05654938368922666,0.00382850301550692
511,4353319.010767862,-463954.4488188505,92.32607,0.07039349590250885,-0.056848505262036074,0.002343260884449782
512,4353319.010767862,-463954.4488188505,109.7293,0.07039013512813479,-0.05719476920921811,0.0012762261701093802
513,4353319.010767862,-463954.4488188505,130.666,0.07045280263858039,-0.05746806351727812,0.0006018515988754321
514,4353319.010767862,-463954.4488188505,155.8507,0.07054040848403256,-0.057626181193865506,0.00023392399611561984
515,4353319.010767862,-463954.4488188505,186.1256,0.07063007003380199,-0.057681303908834566,6.499913928945888e-05
516,4353319.010767862,-463954.4488188505,222.4752,0.07071585047620049,-0.05766794090257629,3.1954290922134777e-06
517,4353319.010767862,-463954.4488188505,266.0403,0.07080146493467981,-0.057619052627816414,-1.1435200653497417e-05
518,4353319.010767862,-463954.4488188505,318.1274,0.07089290280009111,-0.05755652308347364,-1.0053562948627384e-05
519,4353319.010767862,-463954.4488188505,380.213,0.07099452359057618,-0.05749238710999878,-5.723645665525765e-06
520,4353319.010767862,-463954.4488188505,453.9377,0.07110813480853033,-0.05743373268133149,-2.5219069836917946e-06
521,4353319.010767862,-463954.4488188505,541.0889,0.07170444408429831,-0.05760575128130019,-8.890236197158846e-07
522,4353319.010767862,-463954.4488188505,643.5668,0.071665121889579,-0.05761448732759532,-2.486583503440091e-07
523,4353319.010767862,-463954.4488188505,763.3331,0.07161355340065417,-0.05763525546665185,-5.148984755359557e-08
524,4353319.010767862,-463954.4488188505,902.3393,0.0715479905150975,-0.057677523976503234,-4.623735421256198e-09
525,4353989.159796485,-457622.70099545474,0.494025,0.07445180917013014,0.2019616859663645,0.6548074847425771
526,4353989.159796485,-457622.70099545474,1.541375,0.0853202677441403,0.050385373301688824,0.378348309648921
527,4353989.159796485,-457622.70099545474,2.645669,0.0883873388682926,-0.03960164129324857,0.21024373888818482
528,4353989.159796485,-457622.70099545474,3.819495,0.08780535029746181,-0.09060274726255897,0.11067109521947777
529,4353989.159796485,-457622.70099545474,5.078224,0.08575810911677241,-0.11730510049436285,0.05385318499956181
530,4353989.159796485,-457622.70099545474,6.440614,0.08332129881625253,-0.12917320424559986,0.02319402615480104
531,4353989.159796485,-457622.70099545474,7.92956,0.08096698358212123,-0.1322307588048204,0.008102639334148037
532,4353989.159796485,-457622.70099545474,9.572997,0.07885647167106569,-0.1302416072981214,0.0019148330047907038
533,4353989.159796485,-457622.70099545474,11.405,0.07700766216457158,-0.12549688476031076,0.0005262986067999728
534,4353989.159796485,-457622.70099545474,13.46714,0.07538765658441039,-0.119344418376931,0.00148607882194398
535,4353989.159796485,-457622.70099545474,15.81007,0.0739603245384807,-0.11254861467329817,0.0033889091792420403
536,4353989.159796485,-457622.70099545474,18.49556,0.07270615029829597,-0.10553510111574632,0.005465701603419887
537,4353989.159796485,-457622.70099545474,21.59882,0.07162545773675978,-0.0985534980978833,0.007311594871501124
538,4353989.159796485,-457622.70099545474,25.21141,0.07073240709414519,-0.09177770120228174,0.00871552242343998
539,4353989.159796485,-457622.70099545474,29.44473,0.07004525291754984,-0.0853586127330679,0.009566377961866594
540,4353989.159796485,-457622.70099545474,34.43415,0.06957636992226257,-0.07944245972902848,0.009813848360575878
541,4353989.159796485,-457622.70099545474,40.34405,0.06932403434631429,-0.07416664791512716,0.009462152502454132
542,4353989.159796485,-457622.70099545474,47.37369,0.06926740942807737,-0.069643913929618,0.008576449312374654
543,4353989.159796485,-457622.70099545474,55.76429,0.06936622736395688,-0.06594320231377193,0.007285644103566654
544,4353989.159796485,-457622.70099545474,65.80727,0.06956633219890587,-0.06307500189184985,0.00577072644376138
545,4353989.159796485,-457622.70099545474,77.85385,0.06981040931846524,-0.06098689783624235,0.00423489571929014
546,4353989.159796485,-457622.70099545474,92.32607,0.07005044923062326,-0.059571890180903725,0.0028609817783196967
547,4353989.159796485,-457622.70099545474,109.7293,0.07025675217826576,-0.05868756893563808,0.0017707188092415918
548,4353989.159796485,-457622.70099545474,130.666,0.0704196347679535,-0.058180820415624016,0.0010035408608078174
549,4353989.159796485,-457622.70099545474,155.8507,0.07054421137559966,-0.05791165682277449,0.0005249200213373558
550,4353989.159796485,-457622.70099545474,186.1256,0.07064249377134205,-0.05777054046255919,0.0002585410621209032
551,4353989.159796485,-457622.70099545474,222.4752,0.07072732573245719,-0.05768540412717928,0.00012359758957918227
552,4353989.159796485,-457622.70099545474,266.0403,0.07080963427270842,-0.05761803434080656,5.888600318737203e-05
553,4353989.159796485,-457622.70099545474,318.1274,0.07089765541259786,-0.057553839101051836,2.807799815781432e-05
554,4353989.159796485,-457622.70099545474,380.213,0.07099662851426325,-0.0574910413178194,1.3160434185021052e-05
555,4353989.159796485,-457622.70099545474,453.9377,0.07110865518017095,-0.05743333198754141,5.93055504316031e-06
556,4353989.159796485,-457622.70099545474,541.0889,0.07170483186925972,-0.05760553072312161,2.5320121794816194e-06
557,4353989.159796485,-457622.70099545474,643.5668,0.07166523301491928,-0.05761443133160783,1.0138208041475548e-06
558,4353989.159796485,-457622.70099545474,763.3331,0.0716135850947861,-0.05763524897930085,3.756837284789085e-07
559,4353989.159796485,-457622.70099545474,902.3393,0.07154800253385055,-0.05767752867241199,1.2657374268195186e-07
560,4358653.3150161095,-477350.1729464703,0.494025,-0.02269079997203081,0.1354354469649518,-0.12227646115896906
561,4358653.3150161095,-477350.1729464703,1.541375,0.042419303912417716,-0.04611005919723395,-0.08993496741598277
562,4358653.3150161095,-477350.1729464703,2.645669,0.02852823095201585,-0.03242749217454671,-0.08502634148655058
563,4358653.3150161095,-477350.1729464703,3.819495,0.02221855758165849,-0.02674892657935176,-0.07933902584868975
564,4358653.3150161095,-477350.1729464703,5.078224,0.02045993311721682,-0.026042102410990003,-0.0735743921396727
565,4358653.3150161095,-477350.1729464703,6.440614,0.021384082058261325,-0.028302540328684823,-0.0679735232910365
566,4358653.3150161095,-477350.1729464703,7.92956,0.023859216690867626,-0.03222271005446303,-0.0625598748801287
567,4358653.3150161095,-477350.1729464703,9.572997,0.027215380140577818,-0.03696012955059869,-0.05727182914461795
568,4358653.3150161095,-477350.1729464703,11.405,0.031066072191409035,-0.041975366812958236,-0.05203256917460697
569,4358653.3150161095,-477350.1729464703,13.46714,0.035191354987798226,-0.04691926459581906,-0.04678447284067317
570,4358653.3150161095,-477350.1729464703,15.81007,0.03946049276980734,-0.051555277068524676,-0.04150378624784142
571,4358653.3150161095,-477350.1729464703,18.49556,0.0437813097904593,-0.055708744236271805,-0.036204254067229116
572,4358653.3150161095,-477350.1729464703,21.59882,0.048068259601950145,-0.05923776959768708,-0.030935736616059792
573,4358653.3150161095,-477350.1729464703,25.21141,0.052225418199425735,-0.06202328084089298,-0.025780256222065416
574,4358653.3150161095,-477350.1729464703,29.44473,0.05614181902772925,-0.06397516346297231,-0.020846380401986733
575,4358653.3150161095,-477350.1729464703,34.43415,0.05969761805251791,-0.06505011211495304,-0.016260535588156277
576,4358653.3150161095,-477350.1729464703,40.34405,0.0627796256726941,-0.06527413112919446,-0.012152915627378053
577,4358653.3150161095,-477350.1729464703,47.37369,0.06530289470852121,-0.06475936135868152,-0.008637564369560138
578,4358653.3150161095,-477350.1729464703,55.76429,0.06723245181027868,-0.06370349720400548,-0.0057893176898549835
579,4358653.3150161095,-477350.1729464703,65.80727,0.06859618541720372,-0.06236293696626034,-0.0036247102465261595
580,4358653.3150161095,-477350.1729464703,77.85385,0.06948074195685269,-0.061000734933386896,-0.0020954477662523123
581,4358653.3150161095,-477350.1729464703,92.32607,0.07000873756442767,-0.05982518841242971,-0.0010997487756669168
582,4358653.3150161095,-477350.1729464703,109.7293,0.07030597154914292,-0.05894564314037835,-0.0005082911443655001
583,4358653.3150161095,-477350.1729464703,130.666,0.07047400220793151,-0.05836729103807438,-0.0001932248090325687
584,4358653.3150161095,-477350.1729464703,155.8507,0.07057948180065438,-0.058024729562968225,-4.82313961119182e-05
585,4358653.3150161095,-477350.1729464703,186.1256,0.07065949627218873,-0.05783089033293234,4.2590665667928775e-06
586,4358653.3150161095,-477350.1729464703,222.4752,0.07073310583550221,-0.0577137324781363,1.4548232881974118e-05
587,4358653.3150161095,-477350.1729464703,266.0403,0.07081042919139044,-0.057629196545955205,1.0758777750692719e-05
588,4358653.3150161095,-477350.1729464703,318.1274,0.07089715758616726,-0.05755697340210014,5.369366216664639e-06
589,4358653.3150161095,-477350.1729464703,380.213,0.07099627373392309,-0.057491097252240955,1.960118178471419e-06
590,4358653.3150161095,-477350.1729464703,453.9377,0.07110862235552803,-0.05743262298537595,4.556657071486913e-07
591,4358653.3150161095,-477350.1729464703,541.0889,0.07170493731715322,-0.05760491448324883,-9.324441021695567e-09
592,4358653.3150161095,-477350.1729464703,643.5668,0.07166533080792749,-0.057614082945670976,-7.756420122693883e-08
593,4358653.3150161095,-477350.1729464703,763.3331,0.07161363931126227,-0.05763509873307562,-5.035106356384563e-08
594,4358653.3150161095,-477350.1729464703,902.3393,0.07154802509599492,-0.05767747803513969,-2.264743291872292e-08
595,4359343.065935845,-471009.49203812674,0.494025,-0.030045529053217945,-0.13617279135510243,-0.39321386174067524
596,4359343.065935845,-471009.49203812674,1.541375,0.04912742507697318,-0.17492023076181562,-0.1793723264163211
597,4359343.065935845,-471009.49203812674,2.645669,0.07626877683146706,-0.11255206489961331,-0.11973899627569595
598,4359343.065935845,-471009.49203812674,3.819495,0.0919782814611261,-0.07801684986731601,-0.08361327065149976
599,4359343.065935845,-471009.49203812674,5.078224,0.10015908743238762,-0.05978517172857314,-0.06212687030380161
600,4359343.065935845,-471009.49203812674,6.440614,0.1034661534686919,-0.050799691054621135,-0.04952949996638067
601,4359343.065935845,-471009.49203812674,7.92956,0.10369506096995598,-0.04683722655672375,-0.04214098516921193
602,4359343.065935845,-471009.49203812674,9.572997,0.10204881368712058,-0.04545457330955344,-0.03764959859210216
603,4359343.065935845,-471009.49203812674,11.405,0.09932238445558438,-0.045308416903905774,-0.03464144018726405
604,4359343.065935845,-471009.49203812674,13.46714,0.09603220269653269,-0.045715323892841726,-0.03228350091155023
605,4359343.065935845,-471009.49203812674,15.81007,0.0925090873526142,-0.04636747656221212,-0.03010953472729092
606,4359343.065935845,-471009.49203812674,18.49556,0.08896593850862161,-0.04715220246050751,-0.02787623808814539
607,4359343.065935845,-471009.49203812674,21.59882,0.08554677711764352,-0.048042801074107425,-0.025470113233680886
608,4359343.065935845,-471009.49203812674,25.21141,0.08235935205006198,-0.0490384215980366,-0.02285197980269334
609,4359343.065935845,-471009.49203812674,29.44473,0.07949250836865916,-0.05013533362751317,-0.020029245980488997
610,4359343.065935845,-471009.49203812674,34.43415,0.07701994831868222,-0.05131536819146388,-0.01704636490844532
611,4359343.065935845,-471009.49203812674,40.34405,0.07499388643504337,-0.05254219870014285,-0.013983832243733934
612,4359343.065935845,-471009.49203812674,47.37369,0.07343440298923928,-0.05376175322008952,-0.010957139378048377
613,4359343.065935845,-471009.49203812674,55.76429,0.07232113698538507,-0.05490720766298898,-0.008108537395413094
614,4359343.065935845,-471009.49203812674,65.80727,0.07159351350928407,-0.055909579357597744,-0.005587581224089002
615,4359343.065935845,-471009.49203812674,77.85385,0.07116245083609643,-0.05671265988503468,-0.0035211363502859905
616,4359343.065935845,-471009.49203812674,92.32607,0.07211411959419482,-0.056959725238523426,-0.001980506850216979
617,4359343.065935845,-471009.49203812674,109.7293,0.07196548960338776,-0.05735134136918303,-0.0009593746615655385
618,4359343.065935845,-471009.49203812674,130.666,0.07187106100035666,-0.05756382321240466,-0.00037588668108119716
619,4359343.065935845,-471009.49203812674,155.8507,0.07180179969243594,-0.05765204476393367,-0.00010179664171607917
620,4359343.065935845,-471009.49203812674,186.1256,0.07174680105573311,-0.057670826781052925,-5.656911322049516e-06
621,4359343.065935845,-471009.49203812674,222.4752,0.07170227084210261,-0.057662068225676294,1.2094683762087521e-05
622,4359343.065935845,-471009.49203812674,266.0403,0.07166510265722839,-0.057650431351037354,7.356454340809917e-06
623,4359343.065935845,-471009.49203812674,318.1274,0.07163145007020143,-0.05764657103868205,1.7558868624723128e-06
624,4359343.065935845,-471009.49203812674,380.213,0.07159740524482888,-0.05765363857824324,-6.345057983181471e-07
625,4359343.065935845,-471009.49203812674,453.9377,0.07155966680641149,-0.05767298028321604,-1.0128634046126575e-06
626,4359343.065935845,-471009.49203812674,541.0889,0.07151589760723553,-0.05770748030621061,-7.303817723833773e-07
627,4359343.065935845,-471009.49203812674,643.5668,0.07146523717392703,-0.05776322802454692,-3.9804731145815454e-07
628,4359343.065935845,-471009.49203812674,763.3331,0.07140954349179879,-0.05785069903283625,-1.7909284124950243e-07
629,4359343.065935845,-471009.49203812674,902.3393,0.07135618787413613,-0.05798600756089202,-6.861663450108903e-08
630,4360023.469108121,-464668.9756583009,0.494025,-0.05384901712046117,0.35815138530651525,-0.17833782347195745
631,4360023.469108121,-464668.9756583009,1.541375,0.06491022086646196,0.011673889372356056,-0.29786113195450103
632,4360023.469108121,-464668.9756583009,2.645669,0.057884344713690625,-0.020706200591904977,-0.2778549523346712
633,4360023.469108121,-464668.9756583009,3.819495,0.05334393954501039,-0.03986818903216595,-0.25859028046570703
634,4360023.469108121,-464668.9756583009,5.078224,0.050579839448983116,-0.05108435385570927,-0.23982370672817302
635,4360023.469108121,-464668.9756583009,6.440614,0.04907175591159263,-0.05764987271049519,-0.22138143702378568
636,4360023.469108121,-464668.9756583009,7.92956,0.04843992135250286,-0.06157192512105732,-0.20313255882149883
637,4360023.469108121,-464668.9756583009,9.572997,0.048411487950700424,-0.06402534385330585,-0.18498185012018706
638,4360023.469108121,-464668.9756583009,11.405,0.04879658863584372,-0.06565504748644825,-0.16687340701687528
639,4360023.469108121,-464668.9756583009,13.46714,0.04947050770389245,-0.06677829474990495,-0.14879994879993985
640,4360023.469108121,-464668.9756583009,15.81007,0.05035926945430261,-0.06752099254035601,-0.13081485215108085
641,4360023.469108121,-464668.9756583009,18.49556,0.051426804963691,-0.06790956849067954,-0.11304206097545885
642,4360023.469108121,-464668.9756583009,21.59882,0.05266256724802146,-0.06793161321393175,-0.09568207357005096
643,4360023.469108121,-464668.9756583009,25.21141,0.05406940128793812,-0.06757436829587632,-0.07900828679216823
644,4360023.469108121,-464668.9756583009,29.44473,0.05565180656333092,-0.06684786093977135,-0.06335106918987288
645,4360023.469108121,-464668.9756583009,34.43415,0.05740479518601521,-0.06579764020831697,-0.049067181002373006
646,4360023.469108121,-464668.9756583009,40.34405,0.05930374093952157,-0.06450904398493704,-0.03649419452682601
647,4360023.469108121,-464668.9756583009,47.37369,0.06129632569089437,-0.06310190169594512,-0.025895594515066702
648,4360023.469108121,-464668.9756583009,55.76429,0.06329943444497,-0.06171379389156252,-0.017407121742939687
649,4360023.469108121,-464668.9756583009,65.80727,0.0652048743532176,-0.06047343708786508,-0.011001150774677863
650,4360023.469108121,-464668.9756583009,77.85385,0.06689676759462503,-0.05947183055879168,-0.006484283109621777
651,4360023.469108121,-464668.9756583009,92.32607,0.06946210807363548,-0.058414925770508615,-0.0035340500219894887
652,4360023.469108121,-464668.9756583009,109.7293,0.07045101752147827,-0.057976400365546604,-0.001764861918023223
653,4360023.469108121,-464668.9756583009,130.666,0.07108721633138039,-0.05773634406646252,-0.000800306082485889
654,4360023.469108121,-464668.9756583009,155.8507,0.07143727729391722,-0.05762699011743211,-0.00032762177315977665
655,4360023.469108121,-464668.9756583009,186.1256,0.07159383031903178,-0.05759127584995893,-0.00012190944067642184
656,4360023.469108121,-464668.9756583009,222.4752,0.07164262783713007,-0.05759067497423241,-4.286600521850921e-05
657,4360023.469108121,-464668.9756583009,266.0403,0.07164227785635333,-0.0576037251272891,-1.5440328288748946e-05
658,4360023.469108121,-464668.9756583009,318.1274,0.07162252084345191,-0.05762124172621601,-6.053484712813794e-06
659,4360023.469108121,-464668.9756583009,380.213,0.07159391658452405,-0.05764170952483941,-2.4543286180938112e-06
660,4360023.469108121,-464668.9756583009,453.9377,0.07155838532489626,-0.05766798111468467,-9.177426016779114e-07
661,4360023.469108121,-464668.9756583009,541.0889,0.07151547104104121,-0.05770558660898009,-2.8827869958938895e-07
662,4360023.469108121,-464668.9756583009,643.5668,0.07146510916602714,-0.05776257526398808,-6.789506874397587e-08
663,4360023.469108121,-464668.9756583009,763.3331,0.07140950995597659,-0.05785049779330251,-5.5810119913977776e-09
664,4360023.469108121,-464668.9756583009,902.3393,0.07135618193560662,-0.057985956249632625,6.782120062690735e-09
665,4360694.650219674,-458327.4764384654,0.494025,-0.1873021673297792,-0.029445134242534796,0.43020521037001963
666,4360694.650219674,-458327.4764384654,1.541375,-0.10525459984453488,-0.024644985198525357,0.2834875261011134
667,4360694.650219674,-458327.4764384654,2.645669,-0.052723448275033793,-0.02304323145598354,0.1891918907703642
668,4360694.650219674,-458327.4764384654,3.819495,-0.019181078970185728,-0.023347047088123553,0.12850987604371172
669,4360694.650219674,-458327.4764384654,5.078224,0.0023022549579498237,-0.0247917435386447,0.0891862999273438
670,4360694.650219674,-458327.4764384654,6.440614,0.01626390064289695,-0.026917941115451337,0.06328296124696828
671,4360694.650219674,-458327.4764384654,7.92956,0.02564781980887317,-0.02944382242785712,0.04570774057360944
672,4360694.650219674,-458327.4764384654,9.572997,0.03233455196050031,-0.03219149729034828,0.033247552199632456
673,4360694.650219674,-458327.4764384654,11.405,0.03749424601501883,-0.035044026958428565,0.023930598033707895
674,4360694.650219674,-458327.4764384654,13.46714,0.041823824840891,-0.03791968696564423,0.016602613489989884
675,4360694.650219674,-458327.4764384654,15.81007,0.04570832171731399,-0.04075574335664973,0.010641241202587068
676,4360694.650219674,-458327.4764384654,18.49556,0.04933245301770267,-0.04349795087845548,0.005758329232673269
677,4360694.650219674,-458327.4764384654,21.59882,0.05275780760986724,-0.046093850643303416,0.0018593018721571111
678,4360694.650219674,-458327.4764384654,25.21141,0.05597579910904739,-0.0484900641368048,-0.0010604972797944937
679,4360694.650219674,-458327.4764384654,29.44473,0.05894292293882838,-0.05063389733786533,-0.002993208539247144
680,4360694.650219674,-458327.4764384654,34.43415,0.06160405174085017,-0.05247921947163085,-0.0039745605815803
681,4360694.650219674,-458327.4764384654,40.34405,0.06390877618287509,-0.05399533946237174,-0.004118331653140909
682,4360694.650219674,-458327.4764384654,47.37369,0.0658237027799541,-0.05517587744850444,-0.0036246114772695345
683,4360694.650219674,-458327.4764384654,55.76429,0.06734124452782618,-0.056043745102227135,-0.0027572391906592764
684,4360694.650219674,-458327.4764384654,65.80727,0.0684831865587153,-0.0566484585689038,-0.0017926328641255018
685,4360694.650219674,-458327.4764384654,77.85385,0.0692974053804584,-0.05705461997361416,-0.0009557925805813968
686,4360694.650219674,-458327.4764384654,92.32607,0.07103161169309681,-0.05699667186907163,-0.0003709734028984578
687,4360694.650219674,-458327.4764384654,109.7293,0.07135321981213365,-0.05721644812778853,-5.174586058369389e-05
688,4360694.650219674,-458327.4764384654,130.666,0.07153435025108991,-0.05737754297686099,6.635866695438466e-05
689,4360694.650219674,-458327.4764384654,155.8507,0.07162375193707193,-0.057490354836872315,7.326325848398731e-05
690,4360694.650219674,-458327.4764384654,186.1256,0.07165746142193083,-0.05756131789754461,4.221598095926354e-05
691,4360694.650219674,-458327.4764384654,222.4752,0.07166002080567951,-0.057600098826919695,1.341296178500146e-05
692,4360694.650219674,-458327.4764384654,266.0403,0.07164625989592618,-0.057619602104394284,-1.2029754771553234e-06
693,4360694.650219674,-458327.4764384654,318.1274,0.07162353265875963,-0.057632157607296626,-4.675953413237177e-06
694,4360694.650219674,-458327.4764384654,380.213,0.07159431099556139,-0.05764680723638632,-3.432017322856988e-06
695,4360694.650219674,-458327.4764384654,453.9377,0.0715585684911429,-0.05766959471309468,-1.6186715836087223e-06
696,4360694.650219674,-458327.4764384654,541.0889,0.07151555109225285,-0.057705796643879356,-5.47129150348394e-07
697,4360694.650219674,-458327.4764384654,643.5668,0.07146514049978657,-0.057762439016315725,-1.2392398826912627e-07
698,4360694.650219674,-458327.4764384654,763.3331,0.07140951942017734,-0.05785036406535293,-5.586535382746187e-09
699,4360694.650219674,-458327.4764384654,902.3393,0.07135618273791622,-0.05798588018172969,1.372301368732429e-08
